question_id,question,author,question_date,answer_date,subject,ministry
13769,"أمام كل تهاطل كبير للأمطار بالمناطق المجاورة لميناء اشماعلة، يتعرض هذا الأخير إلى أضرار متفاوتة، وذلك بسبب انجراف التربة والرمال نحو الحوض المائي داخل الميناء، والتي تحوله إلى مكب تغمره التربة المترسبة، مما يساهم في  تقليص حجم الطاقة الاستيعابية للميناء وصعوبة استعمال الولوجيات بسبب ارتفاع كميات الوحل، الشيء الذي ينعكس سلبا على الأوضاع المادية والاجتماعية لمهنيي القطاع وأسرهم.
لذا أسائلكم السيد الوزير المحترم:
- ماهي التدابير لحماية هذا المرفق من مخلفات التساقطات المرتفعة بالمنطقة؟",El Amine El Bakkali Tahiri,16/11/2023,pas de réponse,وضعية ميناء اشماعلة بإقليم شفشاون,التجهيز والماء.
13768,"في جديد مشروع قطار فائق السرعة    TGV بين أكادير ومراكش، إختار المكتب الوطني للسكك الحديدية، إحدى المختبرات المعتمدة ببلادنا في هذا المجال لإنجاز الإستطلاع الجيولوجي والهيدروجيولوجي والجيوتقني الخاص بالدراسات الأولية والبنية التحتية العامة والمنشآت الفنية والأنفاق المتعلقة بخط السكك الحديدية بين مراكش وأكادير، هذا وستمتد الدراسة 16 شهراً، قبل أن يتم إعداد ملف المشروع قصد التمويل لانجاز هذا المشروع المهم.
وقد سبق للمكتب الوطني للسكك الحديدية، أن أنهى الدراسات المتعلقة بالخط الفائق السرعة الرابط بين الدارالبيضاء ومدينة مراكش، حيث سيتم إنجاز المشروع ليكون جاهزاً قبل 2030 .
كما أنه من شأن هذا المشروع المساهمة في تحريك الاقتصاد، خاصة في مجال نقل الأشخاص والبضائع، ودعم التصدير والسياحة بين الجهات الأربع (مراكش-آسفي، كلميم-واد نون، الداخلة-  وادي الذهب وسوس-ماسة، وكذا تحقيق الإنسجام والتكامل على مستوى البنيات التحتية، وجعل جهة سوس ماسة مركزا اقتصاديا يربط شمال المغرب بجنوبه.
لأجل ذلك، نسائلكم السيد الوزير، عن مسار الخط السككي للقطار فائق السرعة الذي سيربط بين مراكش و أكادير، وعن النقط التي ستخصص لمحطات توقف القطار، وهل بالإمكان أن يمر عبر مدينتي شيشاوة وإمنتانوت، للمساهمة في التنمية الاقتصادية والإجتماعية والسياحية في هذه المناطق.",Hussein Ait Oulhayane,16/11/2023,pas de réponse,مسار الخط السككي للقطار فائق السرعة الذي سيربط بين مراكش وأكادير,النقل واللوجيستيك.
13767,في الوقت الذي تسعى فيه بلادنا الى تشجيع الرياضة  بمختلف اصنافها  وانواعها، من خلال بناء وتأهيل البنيات التحتية الرياضية بمستوياتها المتعددة، من اجل ضمان الادماج الاجتماعي للشباب، وتقوية مهاراتهم ، وتنمية ذواتهم  وقدراتهم، وتحسين آفاقهم المستقبلية، نجد أن إقليم الحوز لازال يفتقد لهذه الملاعب الرياضية بما فيها أساسا رياضة كرة القدم، خاصة بعد الزلزال الأخير الذي عرفه الإقليم، رغم أنه يتوفر على أكثر من 6 جمعيات رياضية تحتاج الى الدعم المادي والبنيات  التحتية الرياضية، بما فيها ملعب رسمي بمواصفات تسمح للجامعة الملكية المغربية لكرة القدم باعتماده لإجراء المباريات الرياضية المتعلقة بكرة القدم، بالإضافة الى ملاعب رياضية بكل من أيت اورير، تحناوت، أمزميز، أوريكة، سيدي عبد الله غيات، تمزوزت ؛ الامر الذي يدعو للتساؤل عن الإجراءات المتخذة لتمكين الإقليم من البنيات التحتية الرياضية في اطار التوزيع المجالي العادل والمنصف لهذه البنايات ؟,Mohamed IdMoussa,16/11/2023,pas de réponse,دعم المجال الرياضي بإقليم الحوز,التربية الوطنية والتعليم الأولي والرياضة.
13766,"وبعد، أحيط سيادتكن علما أن عددا من خيرة الأطر من فئة متصرف من الدرجة الأولى، التي تعمل بمختلف القطاعات الحكومية والمؤسسات العمومية التابعة لها، والتي ساهمت بإخلاص وتفان، في إشعاع الإدارة العمومية والرقي بأدائها، على الصعيدين الوطني والجهوي، ورغم استيفائها لشروط الترقي لمنصب متصرف عام ، منذ ما يزيد عن عقد من الزمن، ومراسلتها للوزارات المعنية، منذ مدة، في الموضوع، لم تتم ترقيتها إلى المنصب المطلوب، مما أدى إلى شعورها بالإحباط..
لذا، وفي إطار حركية الموظف وتحفيزه، وضمانا لمبدأ تكافؤ الفرص، نتساءل عن الأسباب والدوافع الكامنة وراء تأخير هذه الترقية ؟ و الإجراءات المتخذة لتسريع وتيرة هذه العملية بالنسبة للمتصرفين المستوفين لشروط الترقي، في اطار  المرسوم رقم 2.06.377 الصادر في 20 من ذي القعدة 1431 (29 أكتوبر  2010    ) بشأن النظام الأساسي الخاص بهيئة المتصرفين المشتركة بين  الوزارات ).",Mohamed Najib El Khaldi,16/11/2023,pas de réponse,ترقية المتصرفين لمنصب متصرف عام,الوزارة المنتدبة لدى رئيس الحكومة المكلفة بالانتقال الرقمي وإصلاح الإدارة.
13765,"تعاني ساكنة مدينة ميدلت من إشكالية تدبير النفايات والأزبال بشتى أنواعها إذ تشهد ما يشبه حربا يومية بسبب تراكم النفايات والأزبال، مما ينعكس على الوضعية الصحية والإجتماعية لهذه الساكنة التي تطالب بتوفير مطارح للأزبال بهذه المدينة  التي تعتبر ممر رئيسي لجميع السياح المتجهين إلى المراكز السياحية (مرزوكة، أرفود..)، خاصة وأن ساكنتها في تزايد مستمر.
لذا نسائلكم السيد الوزير المحترم، عن الإجراءات الإستعجالية التي تعتزمون القيام بها من أجل توفير مطرح للأزبال بمدينة ميدلت، وذلك قصد وضع حد لفوضى النفايات بهذه المدينة.",Rachid Adnane,15/11/2023,pas de réponse,توفير مطرح للنفايات بمدينة ميدلت,الداخلية.
13764,"تعاني ساكنة مدينة ميدلت من إشكالية تدبير النفايات والأزبال بشتى أنواعها إذ تشهد ما يشبه حربا يومية بسبب تراكم النفايات والأزبال، مما ينعكس على الوضعية الصحية والإجتماعية لهذه الساكنة التي تطالب بتوفير مطارح للأزبال بهذه المدينة  التي تعتبر ممر رئيسي لجميع السياح المتجهين إلى المراكز السياحية (مرزوكة، أرفود..)، خاصة وأن ساكنتها في تزايد مستمر.
لذا نسائلكم السيدة الوزيرة المحترمة، عن الإجراءات الإستعجالية التي تعتزمون القيام بها من أجل توفير مطرح للأزبال بمدينة ميدلت، وذلك قصد وضع حد لفوضى النفايات بهذه المدينة.",Rachid Adnane,15/11/2023,pas de réponse,توفير مطرح للنفايات بمدينة ميدلت,الانتقال الطاقي والتنمية المستدامة.
13763,"تلعب كل من الطريق رقم 33 الرابطة بين خنيفرة وميدلت، والطريق الوطنية رقم 13 الرابطة بين الحاجب وأرفود عبر مدينة ميدلت، دورا هاما في فك العزلة عن ساكنة جد مهمة، إلا أنهما توجدان في وضعية غير صحية، مما يتطلب وبشكل مستعجل:
1-	 تثنية الطريق الوطنية رقم 13 الرابطة بين الحاجب وأرفود عبر مدينة ميدلت، هذه الأخيرة التي استبشرت الساكنة خيرا بتوقيع اتفاقية شراكة بشأنها، والتي سبق لنا وأن راسلناكم بخصوصها منذ مدة، حيث أخبرتمونا أن الوزارة بصدد تدارس سبل تمويل إنجازها.
2-	توسيع وإصلاح الطريق رقم 33 الرابطة بين خنيفرة وميدلت، لكونها تتسبب في حوادث سير مميتة يذهب ضحيتها مواطنات ومواطنون أبرياء، كما أنها تعرف حركية كبيرة للشاحنات والسيارات.
وعليه، نسائلكم السيد الوزير المحترم، عن التدابير التي ستتخذونها قصد التعجيل بإصلاح وتوسعة الطريق رقم 33، وهل لديكم تاريخ زمني محدد لإنطلاق أشغالها، كما نسائلكم عن مآل تثنية الطريق الوطنية رقم 13 بين الحاجب وأرفود، وأين وصلت الدراسة المزمع القيام بها بشأنها.",Rachid Adnane,15/11/2023,pas de réponse,وضعية بعض الطرق بإقليم ميدلت,التجهيز والماء.
13762,"يعاني قسم المستعجلات بمستشفى الرازي بمدينة مراكش من ضغط كبير جراء استمرار تأخر الأشغال بقسم المستعجلات بمستشفى ابن طفيل، والذي لا ندري الأسباب الكامنة وراء ذلك.
 وعليه، نسائلكم السيد الوزير المحترم عن الإجراءات الاستعجالية التي تعتزمون اتخاذها من أجل إعادة فتح هذا المرفق الصحي في وجه المرتفقين في أقرب الآجال؟",Othmane Bentaleb,15/11/2023,pas de réponse,تأخر الأشغال على مستوى مصلحة المستعجلات بمستشفى ابن طفيل بمراكش,الصحة والحماية الاجتماعية.
13761,"خصصت وزارة الأوقاف والشؤون الإسلامية غلافا ماليا قدره 4 مليون درهم منذ أربع سنوات مضت من أجل بناء مسجد ""أزلا"" بإقليم تطوان. 
غير أن هذا المشروع لم ير النور بعد، رغم أن إدارة المياه والغابات، التي سينجز المشروع على أرض تابعة لها، أعطت موافقتها على ذلك، إضافة إلى أن المسجد مبرمج في إطار تصميم التهيئة بالإقليم.
وعليه، نسائلكم عن:
-	 مآل بناء مشروع المسجد المذكور أعلاه؟
-	دواعي وأسباب تأخر إنجاز هذا المسجد بالرغم من أن كل الظروف هيئت لذلك؟
           وتفضلوا بقبول فائق التقدير والاحترام.",Mohamed Elarbi Ahnin,15/11/2023,pas de réponse,مآل بناء مشروع مسجد أزلا بإقليم تطوان,الأوقاف والشؤون الإسلامية.
13760,"رغم الجهود المبذولة لفك العزلة عن ساكنة العالم القروي، لا زالت بعض المناطق، كما هو الشأن بالنسبة لمنطقة آيت إيحيا بقلعة مكونة، تعاني الأمرين جراء ضعف قنوات الماء ومحولات التيار الكهربائي باعتبارا أن الماء والكهرباء من الضروريات التي لا يمكن الإستغناء عنهما في الحياة اليومية لهؤلاء السكان. 
لأجل ذلك السيدة الوزيرة، نسائلكم عن الإجراءات الإستعجالية التي تعتزمون القيام بها من أجل تمكين ساكنة المنطقة المعنية من الماء الشروب والكهرباء بشكل دائم ودون انقطاع أو تعثر.",Khadija Ezzoumi,15/11/2023,pas de réponse,الخصاص الحاصل في الماء والكهرباء بقلعة مكونة,الانتقال الطاقي والتنمية المستدامة.
13759,في الوقت الذي تسعى فيه الحكومة إلى اصلاح المنظومة الصحية  حتى تكون في مستوى تمكين المواطنين من حقهم الدستوري في العلاج  والعناية الصحية والتغطية الصحية الشاملة، نجد أن  المستشفى الإقليمي ببنجرير يفتقر إلى أبسط متطلبات العلاج والتطبيب، بما في ذلك الخصاص الكبير في مهنييي الصحة والتجهيزات الطبيبة والأدوية وغيرها؛ علاوة على تدني الخدمات والمرافق الصحية وغياب النظافة، الأمر الذي يدعو للتساؤل عن الإجراءات المتخذة لمعالجة هذه الوضعية التي تؤرق الساكنة ودون تمكينهم من حقهم الدستوري في التطبيب والعلاج.,Abdelhalim El Mansouri,15/11/2023,pas de réponse,وضعية المستشفى الإقليمي  بنجرير,الصحة والحماية الاجتماعية.
13758,"يعتبر بناء قنطرة جديدة على وادي أوضيار بجماعة أوضيار بين جماعتي  تافرانت- تابودة، بإقليم تاونات، وجماعة تروال بإقليم وزان، ضرورة ملحة لتيسير حركة المروربالنسبة للساكنة التابعة لهذين الإقليمين وجهتي فاس- مكناس وطنجة- تطوان- الحسيمة.
الامر الذي يدعو للتساؤل عن الإجراءات المتخذة للتعجيل ببناء هذه القنطرة",M'feddal Tahri,15/11/2023,pas de réponse,بناء قنطرة جديدة على وادي أوضيار,التجهيز والماء.
13757,"في إطار الـمجهودات التي تبذلها الحكومة لتنزيل ورش الحماية الاجتماعية وتعزيز العرض الصحي وتيسير ولوج الـمواطنات والـمواطنين، وخاصة في العالـم القروي، إلى مختلف الخدمات الصحية، فإن ساكنة قبيلة آيت عطى بجماعة زاوية أحنصال تعانـي من غياب مركز صحي يلبي حاجياتها في العلاج والتطبيب وتلقيح الأطفال، حيث إن الـمركز الصحي الجماعي يبعد عن الساكنة بحوالي 40 كيلومتر، مما يعمّق من معاناة هذه الساكنة، علما أن هذه الـمنطقة تعرف تساقطات ثلجية كثيفة، خاصة في فصل الشتاء.
لذا؛ نسائلكم عن التدابير التي تعتزمون القيام بها من أجل بناء مركز صحي بدوار إسم السوق بجماعة زاوية احنصال؟",Said Outghilast,14/11/2023,pas de réponse,بناء مركز صحي بدوار إسم السوق بجماعة زاوية احنصال بإقليم أزيلال,الصحة والحماية الاجتماعية.
13756,"يعيش جناح الأمراض التنفسية بالمركز الاستشفائي الجهوي ببني ملال وضعا مزريا، وذلك نتيجة غياب أطباء مختصين في الجهاز التنفسي منذ شهر  ماي الماضي، الأمر الذي زاد من حدة معاناة المرضى، والذي من شأنه تهديد حياتهم لا قدر الله، خاصة أمام كثرة العوامل المسببة في انتشار ذلك المرض واشتداد مضاعفاته لدى المرضى المصابين.
 وأمام هذا الوضع أسائلكم السيد الوزير  المحترم،
 ما هي التدابير التي ستقومون بها من أجل التعجيل بتعيين مختصين في الجهاز التنفسي بالمركز الاستشفائي الجهوي المذكور؟",Touria Afif,14/11/2023,pas de réponse,غياب أطباء مختصين في الجهاز التنفسي بالمركز الاستشفائي الجهوي ببني ملال,الصحة والحماية الاجتماعية.
13755,"السيد الوزير المحترم؛
أطلقتم برنامجا يتعلق بتسيير الوحدات الصحية المتنقلة المجهزة بتقنيات الاتصال عن بعد، وذلك بشراكة بين وزارتكم ومؤسسة محمد الخامس للتضامن وإحدى شركات القطاع الخاص، وهو ما نثمنه ونحييكم عليه.
ويهم هذا البرنامج النموذجي نشر وحدات صحية مجهزة بتقنيات الاتصال عن بُعد في المناطق التي تعاني من خصاص في الولوج إلى الخدمات الصحية، وضمنها إقليم أزيلال الذي أنقل إليكم تطلع ساكنته نحو الاستفادة من هذا البرنامج من الخدمات، في ظل النقص الذي يعاني منه فيما يتعلق بالوحدات الصحية، وكذا الأطباء والممرضين والتجهيزات الطبية وشبه الطبية.
ونعتقد أن إدراج إقليم أزيلال ضمن الأقاليم المستفيدة من برنامج الوحدات الصحية المتنقلة المجهزة بتقنيات الاتصال عن بُعد، سيكون له بالغ الأثر الإيجابي على الساكنة المحلية، وسيساهم في تعزيز فرص نجاح أهداف الحماية الاجتماعية في هذا الإقليم.
لهذه الغاية، نسائلكم، السيد الوزير المحترم، عن التدابير التي ستتخذونها من أجل إدراج إقليم أزيلال ضمن الأقاليم المستفيدة من برنامج الوحدات الصحية المتنقلة المجهزة بتقنيات الاتصال عن بعد؟
وتفضلوا بقبول فائق عبارات التقدير والاحترام.",Zahra Moumen,14/11/2023,pas de réponse,مطلب إدراج إقليم أزيلال ضمن الأقاليم المستفيدة من برنامج الوحدات الصحية المتنقلة المجهزة بتقنيات الاتصال عن بعد,الصحة والحماية الاجتماعية.
13754,"يشتكي مرضى القصور الكلوي الذين يتلقون العلاج بكل من مركز تصفية الدم بمرتيل ومركز تصفية الدم بالفنيدق ومستشفى محمد السادس بالمضيق من غياب طبيب متخصص في أمراض الكلي، وهو ما يؤثر على جودة ونوعية الخدمات الطبية التي يتلقونها.
وفي التفاصيل، فقد قامت طبيبة أمراض الكلي التي كانت تشتغل بالمراكز والمستشفى المذكورين أعلاه، بتقديم طلب الاستفادة من المغادرة الطوعية، تاركة خصاصا على مستوى هذه المراكز والمستشفى.
وتمكن هذه البنيات الاستشفائية من تخفيف معاناة مرضى القصور الكلوي الذين ظلوا لفترات طويلة يتحملون عناء السفر والتنقل إلى مدن أخرى من أجل تلقي العلاج، غير أن غياب الطبيب متخصص في أمراض الكلي سيجعل هؤلاء المرضى يعيشون نفس الأوضاع الصعبة التي كانوا يعيشونها في السابق.
وعليه، نسائلكم عن التدابير الاستعجالية التي تعتزمون اتخاذها من أجل تعيين طبيب متخصص في أمراض الكلي بمركزي تصفية الدم بكل من مرتيل والفنيدق وكذا بمستشفى محمد السادس بالمضيق؟",Mohamed Larbi Merabet,14/11/2023,pas de réponse,تعيين طبيب متخصص في أمراض الكلي بمركزي تصفية الدم بكل من مرتيل والفنيدق وكذا بمستشفى محمد السادس بالمضيق,الصحة والحماية الاجتماعية.
13753,"السيدة الوزيرة المحترمة؛
لقد وقع آلاف الأشخاص من مدن مختلفة ببلادنا ضحايا عملية نصب مُحكَمَة من قِبل مجهولين، بعد أن أوهموهم بالمساهمة بمبالغ مالية مهمة في مشروع تجاري على الأنترنيت، مقابل أرباح يومية، وبعد أشهر من ذلك اكتشف الجميع أن المشروع توقف واختفى المشرفون عليه.
كما لا يخفى عليكم، السيدة الوزيرة المحترمة، أن جميع المساهمات المالية للضحايا، أُرسلت من حساباتهم البنكية إلى الحسابات البنكية للأشخاص المتورطين، وبمبالغ كبيرة وبشكل يومي، دون أن يُثير ذلك حفيظة الهيئات المختصة في رقابة العمليات المالية.
بناء على ذلك، نسائلكم السيدة الوزيرة المحترمة، عن دور هيئات التفتيش والمراقبة المالية في تعقب التحويلات البنكية المشبوهة، وكذا الإجراءات التي قمتم بها، والتي ستتخذونها لحماية المواطنات والمواطنين من شبكات النصب المالي؟
وتقبلوا، السيدة الوزيرة، فائق عبارات التقدير والاحترام.",Loubna Sghiri,13/11/2023,pas de réponse,تعرض عدد من المواطنين للنصب المالي من طرف مجهولين,الاقتصاد والمالية.
13752,"السيد الوزير المحترم؛
فوجئ المواطنات والمواطنون بأسعار جد عالية لأثمنة الزيتون وزيتها، حيث بلغ ثمن اللتر الواحد منها 100 درهماً، بعد أن كان في السابق في حدود 50 درهما. ويتم تبرير هذا الارتفاع الكبير بندرة إنتاج الزيتون هذه السنة، لكن يتبين أن الأمر يتعلق أيضاً بدخول مضاربين على الخط لاقتناء واحتكار معظم الكميات المعروضة في السوق وفرض بالتالي ""قانونهم"" على المغاربة.
وإذ لا يخفى عليكم، السيد الوزير المحترم، أهمية هذه المادة الحيوية بالنسبة للمواطنات والمواطنين المغاربة، خصوصا مع اقتراب فصل الشتاء، فإننا سجلنا تصريحات عديدة لفلاحين تحدثوا فيها على أنَّ إنتاج الزيتون في جل مناطق المغرب يكادُ يكون طبيعيا وعاديا، محذرين من التلاعب في الأسعار بدخول ""الشناقة"" على الخط، وهو ما يبدو أنه حدث فعلاً.
بناء على ذلك، نسائلكم السيد الوزير المحترم، عن الخطوات التي اتخذتها وتلك التي ستتخذها الوزارة للتصدي لظاهرة احتكار ""الشناقة""، وكذا حول الإجراءات التي تنون تفعيلها، لإعادة أسعار هذه المادة الحيوية وباقي المنتجات الفلاحية إلى حدود المعقول، وتمكين المواطنين منها لا سيما في ظل الارتفاع الصاروخي لأسعار معظم المواد الاستهلاكية الأساسية؟
وتقبلوا، السيد الوزير، فائق عبارات التقدير والاحترام",Loubna Sghiri,13/11/2023,pas de réponse,احتكار مضاربين لمنتوج الزيتون وزيته وفرض أسعار خيالية,الفلاحة والصيد البحري والتنمية القروية والمياه والغابات.
13751,"تطوير منتجات تأمينية متخصصة للفلاحين لتلبية احتياجاتهم المتغيرة وتوفير تغطية شاملة لمختلف أنواع المخاطر هو مكون أساسي لتعزيز الاستقرار والاستدامة في القطاع الزراعي، هذا النوع من التأمين أضحى ضرورياً بالنظر إلى التقلبات المناخية والمخاطر الأخرى التي يمكن أن تؤثر على الإنتاج الفلاحي ببلادنا، وذلك عبر اعتماد التغطية المرنة من خلال تصميم بوليصات التأمين بمرونة لتتناسب مع الاحتياجات المختلفة للفلاحين. 
على سبيل المثال، توفير خيارات لتغطية المحاصيل، الثروة الحيوانية، وحتى الدخل المفقود بسبب الظروف المناخية، وكذا استخدام البيانات المتقدمة وتكنولوجيا الأقمار الصناعية لتقييم الأضرار وتحديد التغطية المناسبة، مما يسرع عملية المطالبة والتعويض وتحديد أسعار تأمين مناسبة تأخذ في الاعتبار القدرة المالية للفلاحين، خاصة في المناطق الفقيرة حيث يكون الوضع المالي للفلاحين محدوداً.
السيد الوزير المحترم، إن تطوير منتجات التأمين الفلاحي المتخصصة يعتبر خطوة مهمة لتوفير الحماية المالية للفلاحين وتعزيز الاستقرار في القطاع الزراعي، من خلال توفير تغطية مرنة وشاملة تتناسب مع المخاطر المختلفة، تمكن الفلاحين من مواجهة التحديات المناخية بثقة أكبر وتقليل الأثر السلب.
وعليه، نسائلكم، السيد الوزير المحترم، عن الإجراءات والتدابير التي ستتخذونها في هذا الصدد؟",Abdellatif Zaim,13/11/2023,pas de réponse,تطوير منتجات تأمين تتناسب مع الاحتياجات المتغيرة للفلاحين وتوفر تغطية شاملة لمختلف أنواع المخاطر,الفلاحة والصيد البحري والتنمية القروية والمياه والغابات.
13750,"يعيش إقليم الرحامنة، على غرار مجموعة من المناطق ببلادنا، أزمة حقيقية في شح مياه الشرب والري، خصوصا مع توالي سنوات الجفاف، ولمواجهة هذه الأزمة وتقليص الاعتماد على الكهرباء بسبب ارتفاع التكلفة، يبرز دور تجهيز الآبار بألواح الطاقة الشمسية كحل مستدام وفعّال،  هذه الطريقة تتيح استخدام الطاقة الشمسية كمصدر طاقة متجدد ونظيف، لضخ المياه من الآبار، مما يقلل من الاعتماد على الكهرباء التقليدية ويخفض التكاليف على المدى الطويل، خصوصا وأنها توفر مصدرا مستقرا ومستمرا للطاقة، خاصة في المناطق ذات التعرض الجيد لأشعة الشمس كما هو الشأن بالنسبة لإقليم الرحامنة، إضافة إلى كونها حلاً مستدامًا وصديقًا للبيئة، حيث لا ينتج عنه انبعاثات ضارة ويقلل من البصمة الكربونية، وهو ما يجعل تجهيز الآبار بألواح الطاقة الشمسية يمثل خطوة مهمة نحو تحقيق الاستدامة في إدارة الموارد المائية والطاقة، خاصة في ظل التحديات الحالية المتعلقة بشح المياه وارتفاع التكلفة الطاقية. 
تأسيسا عليه، نسائلكم، السيدة الوزيرة المحترمة، عن الإجراءات والتدابير التي ستتخذها وزارتكم في هذا الصدد؟",Abdellatif Zaim,13/11/2023,pas de réponse,تجهيز مجموعة من الآبار بإقليم الرحامنة بألواح الطاقة الشمسية,الانتقال الطاقي والتنمية المستدامة.
13749,"تعتبر غابة سيد الغزواني المتواجدة عند المدخل الغربي لمدينة أبي الجعد قدوما من مدينة وادي زم المتنفس الطبيعي والايكولوجي المهم لساكنة أبي الجعد، إلا أنه يلاحظ في الآونة الاخيرة أن هذا المعطى الطبيعي بدأ يتعرض للتدهور بفعل الاجتثاث الذي عرفته عشرات من الأشجار إما بفعل اقتلاعها بسبب الرياح أو نظرا لتعرضها للإتلاف نتيجة بعض الحشرات المضرة التي أصابتها أو بسبب تعرضها للقطع العشوائي من طرف بعض الحطابين المجاورين للغابة.
 وفي هذا الصدد، لا بد من الإشارة أن استمرار هذا الوضع البيئي الخطير لغابة سيدي الغزواني من شأنه أن يعرض هذا الغطاء الغابوي للإتلاف الكلي. خاصة وأنه لحد الآن لم يتم تعويض الأشجار التي اقتلعت بأخرى فتية، اللهم إذا استثنينا بعض المبادرات التي قامت بها جمعيات المجتمع المدني بتنسيق مع المجلس الجماعي لأبي الجعد لغرس بعض الأشجار الفتية.
وبغية الحفاظ على هذا الإرث الطبيعي والإيكولوجي لا بد من التفكير في التعجيل لإعادة الروح فيه، عبر استثماره كمنتزه سياحي يعود بالنفع على المدينة اجتماعيا واقتصاديا بالتنسيق مع كافة الجهات المعنية،  وذلك ايمانا منا كون الاستثمار في إنجاز مشروع المنتزه في القطاع السياحي من شأنه تجنيب الوسط الطبيعي بالمدينة من أي نتائج عكسية، وأيضا لما له من دور كبير في تقوية المنافع السوسيو اقتصادية للساكنة المحلية وتنميتها، علما أن الجماعة الترابية لأبي الجعد برمجت مشروع تهيئة منتزه القطب بغابة سيد الغزواني وذلك ضمن برنامج عملها.
وعليه؛ نسائلكم عن الإجراءات التي ستتخذها وزارتكم للتعجيل بحماية غابة سيد الغزواني من الإجتثاث الكلي لأشجارها، وبالتالي ضمان استمرار هذا الفضاء الإيكولوجي وإعادة الروح فيه؟",Khalifa Majidi,13/11/2023,pas de réponse,وضعية غابة سيد الغزواني,الفلاحة والصيد البحري والتنمية القروية والمياه والغابات.
13748,"يعتبر إحداث طريق سيار يربط فاس بتطوان عبر وزان وشفشاون، من بين المشاريع المهمة والمهيكلة، سيمكن من ربط منطقة مهمة غنية بثرواتها الطبيعية بالساحل، كما أنه سيشكل قيمة مضافة سواء على المستوى الاقتصادي أو الاجتماعي للمدينتين، لما له من دور هام في مسلسل التنمية الاقتصادية والإجتماعية وتقليص المدة الزمنية للتنقل وتعزيز السلامة الطرقية وتطوير القطاع السياحي والرفع من جاذبية الإسثمار بجهة فاس- مكناس.   
وعليه، فإننا نسائلكم السيد الوزير المحترم، عن  مآل هذا المشروع التنموي الهام الذي من شأنه الرفع من مردودية المناطق المعنية",Allal Amraoui,10/11/2023,pas de réponse,إحداث طريق سيار يربط فاس بتطوان عبر وزان وشفشاون,التجهيز والماء.
13747,"في إطار الدينامية الكبرى التي تشهدها بلادنا، والمتعلقة أساسا بتطويرالبنية التحتية وعصرنة القطاع السككي وجعله رافعة للتنمية الاقتصادية والإجتماعية ببلادنا، خاصة وأن المغرب حاز على شرف تنظيم فعاليات نهائية كأس إفريقيا 2025 وكأس العالم 2030 إلى جانب إسبانيا والبرتغال ضمن الملف المشترك.   
ومن هذا المنطلق ولإنجاح الحدث القاري والدولي في المستوى المطلوب يجب توفير كافة الظروف الشاملة ومن ضمنها إحداث الخط الفائق السرعة "" تي جي في"" يربط الرباط بفاس، هذا الأخير الذي سيمكن من اختزال الوقت وتقريب المسافات بين المدينتين، ويستجيب لإنتظارات الفاعلين الإقتصاديين. 
لأجل ذلك، فإننا نسائلكم السيد الوزير، عن إمكانية إحداث الخط الفائق السرعة ""تي جي في"" يربط الرباط  بفاس، لما له من أهمية بالغة في المستقبل.",Allal Amraoui,10/11/2023,pas de réponse,إحداث الخط الفائق السرعة  تي جي في يربط الرباط  بفاس,النقل واللوجيستيك.
13746,"قامت الحكومة بوضع الخطوط العريضة لإصلاح منظومة التكوين الطبي بالمغرب، تتماشى والورش الملكي لتعميم التغطية الصحية لجميع المغاربة، ويتعلق الأمر بتقليص مدة التكوين في مجال الطب من 7 سنوات إلى 6 سنوات، بهدف الرفع من نسبة التأطير الصحي وتتماشى مع أهداف النموذج التنموي الجديد، إلا أن الطالبات والطلبة المعنيين في حيرة ويتسائلون وبشدة، عن كيفية اعتماد هذا النظام الجديد الذي يجهلون عنه الكثير خاصة فيما يتعلق بكيفية تفعيل مقتضى تقليص مدة التكوين على أرض الواقع. 
لأجل ذلك، فإننا نسائلكم السيد الوزير، عن مآل الإعلان عن الخطوط العريضة لإصلاح منظومة التكوين الطبي بالمغرب.",Allal Amraoui,10/11/2023,pas de réponse,مآل الإعلان عن الخطوط العريضة لإصلاح منظومة التكوين الطبي بالمغرب,التعليم العالي والبحث العلمي والابتكار.
13745,"سبق لي أن تقدمت بتاريخ 04 يناير 2023  بسؤال كتابي حول "" مآل مشروع بناء المركز الصحي بدوار بني وكيل الزاوية، جماعة لعتامنة، إقليم بركان""، هذا المشروع الذي لا زالت تنتظره ساكنة جماعة لعتامنة بصبر كبير منذ سنة 2020.  
وعلى هذا الأساس، تلقيت جوابا كتابيا حول هذا الموضوع – مشكورين-، حيث أخبرتمونا فيه، أن مشروع بناء المركز الصحي بدوار بني وكيل، جماعة لعثامنة بإقليم بركان، يوجد حاليا في طور الإنجاز، وأن برمجته تمت في إطار برنامج تقليص الفوارق المجالية والإجتماعية وبتمويل من طرف صندوق التنمية القروية، إلا أن جوابكم السيد الوزير، يتعلق بمستوصف  بمركز لعثامنة بنفس الجماعة، والذي وبالفعل وكما جاء في جوابكم أنه يوجد حاليا في طور الإنجاز، ولا يتعلق الأمر بالمركز الصحي بدوار بني وكيل  الزاوية ( أولاد السي البشير) بنفس الجماعة موضوع سؤالنا.
وعليه، فإننا نسائلكم السيد الوزير - مرة أخرى-  عن مآل بناء المركز الصحي بدوار بني وكيل الزاوية ( أولاد السي البشير) وليس ""مستوصف بمركز لعتامنة"" وماهي الإجراءات الإستعجالية التي تعتزمون القيام بها قصد الإسراع بتفعيل مخرجات اجتماعه بتاريخ 25-02-2020 من طرف لجنة تضم ممثلين عن (الوكالة الحضرية لوجدة ، قسم التعمير والبيئة، المكتب الوطني للكهرباء مداغ، قطاع الماء، مندوب وزارة الصحة، رئيس جماعة لعثامنة، تقني بالجماعة ومستشار جماعي)، علما أن الوعاء العقاري المخصص لهذا الغرض متوفر.",Abdelhakim Bouazza Ben Abdellah,10/11/2023,pas de réponse,مآل مشروع بناء المركز الصحي بدوار بني وكيل الزاوية، جماعة لعثامنة، إقليم بركان,الصحة والحماية الاجتماعية.
13744,"تلقيت عدة شكايات من طرف مجموعة من الشابات والشباب ينحدرون من إقليم قلعة السراغنة، خاصة الفئة التي وصلت لحد مرحلة توقيع العقود، والذين مازالوا لحد الآن ينتظرون عملية التمويل التي تم تجميدها لأسباب يجهلها الجميع، كما أن منهم من لازال ينتظر توقيع العقد، الأمر الذي خلف لدى هؤلاء الشابات والشباب على اختلاف مشاكلهم مع هذا البرنامج، تذمرا وفلقا كبيرين، علما أن جلهم لديهم التزامات مالية مع الأبناك، ويتعلق الأمر بالأسماء التالية: 
سناء البخاري ID 216821
عبد الرزاق رشيد ID 213176
عبد اللطيف البيطي ID 276061
حياة الكيحل ID 215778
لأجل ذلك، فإننا نسائلكم السيدة الوزيرة، عن مآل الملفات العالقة المتعلقة ببرنامج ""فرصة"" الذي يعتبر من بين المشاريع الطموحة والمبتكرة لتشجيع العمل المقاولاتي وحل مختلف المشاكل التي تواجه  حاملي الأفكار أو المشاريع المقاولاتية، كما نطلب منكم، إعطاء تعليماتكم للمصالح المعنية قصد تسريع عملية التمويل.",El Ayachi Al Ferfar,10/11/2023,pas de réponse,وضعية بعض المرشحين للإستفادة من برنامج فرصة بإقليم قلعة السراغنة,السياحة والصناعة التقليدية والاقتصاد الاجتماعي والتضامني.
13743,"يعد قطاع الصيد الإيكولوجي وتربية الأحياء المائية في المياه القارية أحد أهم الرافعات التي جاءت بها استراتيجية غابات المغرب، هذا القطاع الذي بدأ يعرف نهضة جديدة خلال السنوات الأخيرة توجت بالاستراتيجية الجديدة لتطوير الصيد وتربية الأحياء المائية في المياه القارية  الذي أنجزته الوكالة الوطنية للمياه والغابات مع شركائها وصادقت عليه اللجنة الوطنية للصيد خلال شهر فبراير 2023 بحضور مختلف المتدخلين، وحيث أن هذا القطاع من شأنه خلق فرص شغل مهمة في المناطق القروية والجبلية عبر مهن الصيد التي صارت أكثر احترافية وعصرنة، إلا أن عدم استصدار المراسيم التطبيقية الأربعة الخاصة بقانون 130.12المتعلق بالصيد وتربية الأحياء المائية في المياه القاربة يؤثر سلبا على تنزيل هذا النموذج الجديد والذي يهم مناطق واسعة تتضمن منتزهات وطنية بالمنتزه الوطني إفران والمنتزه الوطني توبقال ومناطق الأطلس الكبير والأطلس الكبير الشرقي، وهو ما سيساهم في خلق مناصب شغل بهذه المناطق التي تحظى بالأولوية ضمن السياسات الحكومية.
لذا نسائلكم السيد الوزير، عن رؤيتكم لإخراج هذا النموذج إلى حيز الوجود في أقرب الآجال وعبره عن  النصوص التطبيقية للقانون 130.12 التي تشكل الآلية المثلى والأساسية لتنزيل مختلف محاوره.",Allal Amraoui,10/11/2023,pas de réponse,تفعيل النصوص التطبيقية للقانون 130.12المتعلق بالصيد و تربية الأحياء المائية و تنزيل الاستراتيجية الجديدة لتطوير قطاع الصيد الإيكولوجي وتربية الأحياء المائية في المياه القارية,الفلاحة والصيد البحري والتنمية القروية والمياه والغابات.
13742,"لا يخفى على أحد المجهودات الكبيرة التي تقومون بها في مجال تعزيز البنيات التحتية ببلادنا، خصوصا على مستوى التجهيزات الفنية بالطرق السيارة.
	في هذا الإطار، تعالت أصوات المواطنين ومستعملي الطريق السيار على مستوى جماعة المناصرة إقليم القنيطرة، بسبب خطر انهيار قنطرة أولاد العربي والتي أصبحت في حالة جد متردية ومعرضة للانهيار في أي وقت.
	لذا فإننا نسائلكم السيد الوزير المحترم:
-  عن التدابير المستعجلة لإصلاح قنطرة أولاد العربي المشيدة على مستوى الطريق السيار بجماعة المناصرة؟",Hatim Ben Rkia,09/11/2023,pas de réponse,الإسراع بإصلاح قنطرة أولاد العربي,التجهيز والماء.
13741,"طرح الانقطاع المفاجئ للتيار الكهربائي عن المركب الرياضي بمدينة فاس ومحيطه الخارجي، خلال المباراة التي جمعت يوم الخميس 7 شتنبر 2023، المنتخب الوطني لأقل من 23 سنة مع نظيره البرازيلي، جملة من التساؤلات وردود الفعل حول وضعية المركب، ومدى جاهزيته لاحتضان مباريات من قيمة مباريات المنتخب، خاصة وأنه من الملاعب المرشحة لاحتضان منافسات كأس إفريقيا 2025 وكأس العالم 2030، إذا ما فاز المغرب بشرف تنظيمها.  إلا أن حادث انقطاع التيار الكهربائي السيد الوزير، جعلنا نخشى من كون المركب لم يستفد من التأهيل والتحديث اللازمين بالمعايير المعمول بها، حتى يكون المركب في مستوى الملاعب الوطنية التي ستحظى بشرف احتضان مختلف التظاهرات الدولية والقارية التي ستستقبلها بلادنا مستقبلا، ويكون أيضا في مستوى انتظارات كل الجماهير الرياضية الفاسية وأنديته التي تتطلع ليكون المركب الرياضي معلمة تفخر بها المدينة وبلادنا على حد سواء.
 لذلك، نسائلكم السيد الوزير المحترم عن: 
-	الإجراءات الاستعجالية التي ستتخذونها بخصوص حادث الانقطاع المفاجئ للتيار الكهربائي حلال مباراة المنتخب الوطني لأقل من 23 سنة مع نظيره البرازيلي؟
-	التدابير التي ستتخذونها من أجل تأهيل المركب الرياضي بمدينة فاس حتى يكون في مصاف الملاعب الوطنية القادرة على استضافة واحتضان مختلف التظاهرات القارية والدولية؟",Mohamed Chaouki,09/11/2023,pas de réponse,وضعية المركب الرياضي لمدينة فاس,التربية الوطنية والتعليم الأولي والرياضة.
13740,"يرتقب أن تحتضن بلادنا الاجتماعات العامة السنوية لمجموعة البنك الدولي وصندوق النقد الدولي لسنة 2023، شهر شتنبر المقبل بمدينة مراكش، بحضور مرتقب ل 14 ألف مشاركة ومشارك، بما في ذلك وزراء الاقتصاد والمالية ومحافظو البنوك المركزية للدول الأعضاء، البالغ عددها 189 دولة.
وانطلاقا من الأهمية التي تشكلها مثل هذه التظاهرات العالمية ذات الصيت الكبير، وما تتطلبه من جهود قصد إنجاحها، بما يكرس الثقة والمكانة التي باتت تكتسيها بلادنا كوجهة لاحتضان التظاهرات العالمية في مختلف المجالات. 

نسائلكن السيدة الوزيرة المحترمة عن: 

-	الإجراءات والتدابير المتخذة من أجل إنجاح الاجتماعات العامة السنوية لمجموعة البنك الدولي وصندوق النقد الدولي المنعقدة ببلادنا شهر شتنبر المقبل؟",Mohamed Chaouki,09/11/2023,pas de réponse,الاجتماعات العامة السنوية لمجموعة البنك الدولي وصندوق النقد الدولي,الاقتصاد والمالية.
13739,"يشكل قطاع البناء، أحد أبرز القطاعات التي تعرف تسجيل أكبر عدد لحوادث الشغل، نتيجة عدم الالتزام بشروط الوقاية والسلامة التي تؤدي في كثير من الأحيان لوقوع حوادث، نموذج الحادث المأساوي الذي تعرض له أحد العمال بورش للبناء بحي بورمانة التابع للنفود الترابي لمقاطعة أكدال بمدينة فاس، بعدما تفاجأ بسقوط رافعة للبناء أودت بحياته.
لذلك نسائلكم السيد الوزير المحترم عن: 

الإجراءات والتدابير التي ستتخذونها قصد ضمان الالتزام بشروط السلامة بأوراش البناء بمدينة فاس؟",Thami Ouazzani Thami,09/11/2023,pas de réponse,الالتزام بشروط السلامة بأوراش البناء بمدينة فاس,الإدماج الاقتصادي والمقاولة الصغرى والتشغيل والكفاءات.
13738,"يحتل تحديث البنيات التحتية الرياضية بمدينة فاس مكانة هامة، انطلاقا من كون الرياضة كانت وستظل محركا حقيقيا للتنمية، خصوصا وأن المدينة معروفة بطاقاتها الشابة وولعها بالرياضة، بدليل أنها أنجبت عددا كبير ا من البطلات والأبطال الذين شرفوا الرياضة الوطنية وبلدنا في المحافل الدولية.
لهذا، سيكون من اللازم تعزيز وتنويع العرض الرياضي بالمدينة، عبر تعزيز إحداث البنيات التحتية الرياضية من ملاعب وقاعات وأندية..، كي تلعب الرياضة دورها الريادي للمساهمة في النهوض بالمدينة.
لذلك نسائلكم السيد الوزير المحترم عن: 
رؤية الوزارة من أجل تحديث وتعزيز البنيات الرياضية بمدينة فاس؟",Thami Ouazzani Thami,09/11/2023,pas de réponse,البنيات الرياضية بمدينة فاس,التربية الوطنية والتعليم الأولي والرياضة.
13737,"على إثر الحريق الذي اندلع مؤخرا بأحد المستودعات بمقاطعة زواغة بمدينة فاس وقبله أيضا بمحيط محطة القطار، وبالتزامن مع الارتفاع الذي تشهده المدينة في درجات الحرارة، مما يزيد من احتمال نشوب الحرائق.

 نسائلكم السيد الوزير المحترم عن: 
الإجراءات المتخذة من أجل تفادي حوادث الحرائق بمدينة فاس؟",Thami Ouazzani Thami,09/11/2023,pas de réponse,تفادي حوادث الحرائق بمدينة فاس,الداخلية.
13736,"تعد مدينة فاس إحدى أعرق المدن الوطنية والعالمية، بما تحتضنه من تراث بقيمة مادية ومعنوية لا يقدران بثمن، يتطلب جهودا كبيرة من أجل حمايته وتثمينه، وفق مقاربة تنأى عن التشويه تحت ضغط التوسع العمراني غير المتحكم فيه وأثر النسيان الذي يحول دون تناقله بين الأجيال، فضلا عن عمليات السطو التي يتعرض لها خاصة من قبل بعض الشركات والبلدان التي تنسبه لنفسها. 
لذلك نسائلكم السيد الوزير المحترم عن: 

-	رؤية الوزارة من أجل حماية وتثمين التراث الثقافي لمدينة فاس من مختلف أشكال التشويه والنسيان والسطو؟",Thami Ouazzani Thami,09/11/2023,pas de réponse,حماية وتثمين التراث الثقافي لمدينة فاس,الشباب والثقافة والتواصل.
13735,"تتميز مدينة فاس بثراء تراثها الثقافي، الأمر الذي يتعين استغلاله على نحو يُمَكِّنُ من خلق دينامية اقتصادية واجتماعية على المستوى المحلي، تُحدث مزيدا من فرص الشغل وترفع من جاذبية المدينة. 
ويشكل قطاع السياحة، على هذا المستوى، أحد أهم القطاعات التي يمكن أن تستثمر التراث الثقافي العريق لمدينة فاس، بكامل أوجهه وإمكانياته، من أجل الرفع من عائداتها وقيمتها المضافة، علما أن السياحة الثقافية ذات المكون التراثي المهم، تعرف طلبا متزايدا.
لذلك نسائلكن السيدة الوزيرة المحترمة عن: 

-	رؤية الوزارة من أجل استثمار التراث الثقافي العريق لمدينة فاس في القطاع السياحي؟",Thami Ouazzani Thami,09/11/2023,pas de réponse,استثمار التراث الثقافي العريق لمدينة فاس في القطاع السياحي,السياحة والصناعة التقليدية والاقتصاد الاجتماعي والتضامني.
13734,"يعد مهرجان حب الملوك بمدينة صفرو من أقدم المهرجانات العالمية الذي شاءت الظروف، أن يتوقف مساره الطويل قبل ثلاث سنوات عند نسخته ما قبل المائة، دون أن يكتب له مواصلة الاحتفاء بفاكهة حب الملوك التي تتميز بها المدينة والمناطق المجاورة لها.
وكما لا يخفى عليكم، فالمهرجان فضلا على عراقته التاريخية، فهو يكتسي أهمية بالغة في التنشيط السياحي والاقتصادي لمدينة صفرو، على اعتبار أن له صيتا كبيرا داخل وخارج المغرب، إضافة إلى أنه يحظى بالرعاية السامية لصاحب الجلالة محمد السادس نصره الله ومصنف كتراث ثقافي عالمي، وهو ما يتطلب العمل على دعم عودة تنظيم المهرجان وضمان شروط استمراريته.
 نسائلكم السيد الوزير المحترم عن: 
الإجراءات التي ستتخذونها من أجل دعم عودة تنظيم مهرجان حب الملوك بمدينة صفرو وضمان شروط استمراريته؟",Mohamed Chaouki,09/11/2023,pas de réponse,مهرجان حب الملوك بمدينة صفرو,الشباب والثقافة والتواصل.
13733,"تفتقر ساكنة جماعة العرجان بإقليم بولمان لطبيب عام بالمستوصف الصحي للجماعة بعدما تم تنقيله سابقا. ويؤثر هذا الخصاص سلبا على الوضع الصحي لساكنة الجماعة التي يقدر تعدادها بقرابة ال10 آلاف نسمة، ويكبدها مشاق التنقل ومصاريف إضافية من أجل تلقي العلاجات التي لا يوفرها المستوصف.

 لذلك نسائلكم السيد الوزير المحترم عن: 
الإجراءات التي تعتزمون القيام بها لتعيين طبيب عام بالمستوصف الصحي لجماعة العرجان بإقليم بولمان؟",Mohamed Chaouki,09/11/2023,pas de réponse,تعيين طبيب عام بالمستوصف الصحي لجماعة العرجان بإقليم بولمان,الصحة والحماية الاجتماعية.
13732,"تم إغلاق مسجد خالد بن الوليد، الكائن بالمنطقة الحضرية العنبرة بمقاطعة زواغة بمدينة فاس، قبل عدة أشهر، على خلفية الضرر الذي لحقه على مستوى الصومعة التي تحتاج لأشغال الصيانة والترميم.
ومنذ ذلك الحين، لازالت الأشغال لم تشرع بالمسجد ولحد الآن، مما زاد من تدهور حالة المسجد أكثر وخلف استياء لدى ساكنة المنطقة التي تتطلع لأن يتم تسريع انطلاق أشغال الترميم، كي يتم تم تأهيل المسجد لاستقبال المصلين واضطلاعه بكامل أدواره. 

لذلك، نسائلكم السيد الوزير المحترم عن: 
الإجراءات التي ستتخذونها قصد تسريع أشغال صيانة وترميم مسجد خالد بن الوليد بمقاطعة زواغة بمينة فاس؟",Thami Ouazzani Thami,09/11/2023,pas de réponse,صيانة وترميم مسجد خالد بن الوليد بمقاطعة زواغة,الأوقاف والشؤون الإسلامية.
13731,يعرف إقليم الناظور تحولا كبيرا في العديد من المجالات، بفضل المبادرات الملكية السامية والأوراش الكبرى التي أطلقها جلالته حفظه الله، مثل تهيئة موقع بحيرة مارشيكا وميناء الناضور غرب المتوسط، إلا أن هذا الإقليم لا زال يعاني من نقص ملحوظ في المدارس العليا والمؤسسات الجامعية الكفيلة بسد الخصاص ومواكبة المشاريع الملكية الاقتصادية والصناعية والتنموية بالمنطقة. وبناء عليه، نسائلكم، السيد الوزير المحترم، عن أسباب عدم ترقية كلية متعددة التخصصات بالناظور التي تضم أزيد من 37 ألف طالب وطالبة، وتعثر مشروع تحويلها إلى قطب جامعي مندمج بثلاث كليات على الأقل: كلية العلوم القانونية والاقتصادية والاجتماعية، كلية الآداب والعلوم الإنسانية، وكلية العلوم والتقنيات (FST)، الذي اقترحه وزير سابق وزكاه مجلس كلية متعددة التخصصات بالناظور، و الذي سيسمح بتوسيع العرض الجامعي وخلق تخصصات جديدة و معاهد عليا تستجيب لمتطلبات سوق الشغل بالاقليم والمنطقة بصفة عامة؟,Fatima El Kchouti,09/11/2023,pas de réponse,أسباب تعثر مشروع ترقية كلية الناظور وتحويلها إلى قطب جامعي مندمج بثلاث كليات على الأقل,التعليم العالي والبحث العلمي والابتكار.
13730,"تشتهر الجماعة الترابية البدوزة بإقليم آسفي بعلو أمواج بحرها، والتي بفضلها أصبحت المنطقة مقصدًا شهيرًا لعشاق رياضة ركوب الأمواج من مختلف أنحاء العالم. 
 وقد نظمت بهذه الجماعة نهاية الأسبوع المنصرم تظاهرة لركوب الأمواج بمشاركة محترفين دوليين غير أنه تم حذف اسم المدينة المنظمة ""آسفي"" من الصفحة الرسمية للجامعة الملكية المغربية لركوب الأمواج، واستبدل اسم المدينة بعبارة ""في إحدى الأماكن المغربية""، مما أثار موجة استنكار عارمة في صفوف المتتبعين الرياضيين وكل ساكنة الإقليم. 
لذا، نسائلكم عن الإجراءات التي ستتخذونها لتصحيح هذا الوضع خصوصا لما للتسويق الرياضي من أهمية في النهوض بالتنمية السياحية والاقتصادية والاجتماعية والثقافية بشكل عام؟",Nadia Benzedfa,09/11/2023,pas de réponse,حذف اسم مدينة آسفي من الصفحة الرسمية للجامعة الملكية المغربية لركوب الأمواج,التربية الوطنية والتعليم الأولي والرياضة.
13729,"أطلق صاحب الجلالة الملك محمد االسادس نصره الله، برنامج الوحدات الصحية المتنقلة المجهزة بتقنيات الإتصال عن بعد بالمناطق التي تعاني خصاصا مهولا في الولوج إلى الخدمات الصحية، والذي يروم تحسين ولوج ساكنة العالم القروي إلى الخدمات الصحية.
وينبع هذا البرنامج من القناعة العميقة والراسخة لجلالة الملك محمد السادس بجعل الحق في الولوج إلى الخدمات الصحية، إحدى الدعامات الأساسية لتوطيد المواطنة وتحقيق تنمية بشرية شاملة ومندمجة.
لأجل ذلك نسائلكم السيد الوزير، عن التدابير المزمع اتخاذها من أجل ولوج ساكنة المناطق القروية والجبلية بإقليم أزيلال إلى الخدمات الصحية، وماهي الإجراءات المتخذة لتنزيله بهذا الإقليم.",Abdelali Brouki,08/11/2023,pas de réponse,برنامج الوحدات الصحية المتنقلة المجهزة بإقليم أزيلال,الصحة والحماية الاجتماعية.
13728,"طبقا للمادة الثالثة من القانون رقم 16-13 المتعلق بإحدات مؤسسة الأعمال الإجتماعية لوزارة إعدادالتراب الوطني والتعمير والإسكان وسياسة المدينة الذي ينص في فقرته  الثانية على تمكين  المتقاعدين من الإنخراط في هذه المؤسسة الاجتماعية والاستفادة من خدماتها طبقا للقانون، يشتكي مجموعة من المتقاعدين حرمانهم من الحصول على حقهم في الإنخراط والإستفادة، علما أنهم تقدموا بطلبات الإنخراط ، ولم يتلقوا أي تجاوب أو جواب من طرف الساهرين على سير المؤسسة بخصوص مآل ملفاتهم.
‎لذا، نسائلكم السيدة الوزيرة المحترمة،  ‎عن سبب عدم قبول انخراط ‎هؤلاء المتقاعدين الذين قضوا سنوات شبابهم وكهولتهم في الخدمة العمومية، هؤلاء المتقاعدين الذين هم اليوم بحاجة أكثر من أي وقت مضى إلى الإستفادة من خدمات المؤسسة الاجتماعية التابعة لوزارتكم، خاصة ونحن نعيش فترة تنزيل توجيهات جلالة الملك نصره الله في تحقيق الدولة الاجتماعية.",Sahar Abdouh,08/11/2023,pas de réponse,استفادة المتقاعدين من موظفي ومستخدمي وزارة إعداد التراب الوطني والتعمير والسكنى وسياسة المدينة من خدمات مؤسسة الأعمال الإجتماعية التابعة لوزارتكم,إعداد التراب الوطني والتعمير والإسكان وسياسة المدينة.
13727,"تحت الرئاسة الفعلية لصاحب الجلالة الملك محمد السادس نصره الله، تم إطلاق برنامج الوحدات الصحية المتنقلة المجهزة بتقنيات الإتصال عن بعد، و الذي يندرج في إطار الورش الملكي لإصلاح المنظومة الصحية وتعميم الحماية الاجتماعية، ويمثل نموذجا جديدا للتدخل الطبي يزاوج بين توفير العلاج عن قرب والتطبيب عن بعد، ويهم هذا البرنامج النموذجي نشر وحدات صحية مجهزة بتقنيات الاتصال عن بعد في المناطق التي تعاني من خصاص في الولوج إلى الخدمات الصحية.
وعليه نسائلكم السيد الوزير، ماهي التدابير التي تم اتخاذها من أجل ولوج ساكنة المناطق القروية بعمالة أكادير ادوتنان إلى الخدمات الصحية لاسيما المناطق المتضررة جراء زلزال 8 شتنبر 2023 ، وما هي الاجراءات المتخذة قصد التنزيل الأمثل والفعلي لهذا البرنامج.",Jamal Diwany,08/11/2023,pas de réponse,برنامج الوحدات الصحية المتنقلة المجهزة بعمالة أكادير إداوتنان,الصحة والحماية الاجتماعية.
13726,"توصلت بشكاية من السيد هشام الهامي أستاذ التعليم الثانوي التأهيلي بسلا، رقم التأجير 1280615، مفادها أنه تم إقصاؤه من الحركة الانتقالية.
وحيث إن المعني بالأمر يتوفر على شروط تؤهله للمشاركة في هذه الحركة الانتقالية،
فإنني أسائلكم السيد الوزير المحترم،
ما هي الإجراءات الاستعجالية لإنصاف السيد هشام الهامي؟


مرفقات:
نسخة من الشكاية",Abdellah Bouanou,08/11/2023,pas de réponse,إقصاء السيد هشام الهامي من الحركة الانتقالية,التربية الوطنية والتعليم الأولي والرياضة.
13725,"حسب تصريح للسيد وزير العدل المغربي الذي حل ضيفا على برنامج ""ضيف الأسبوع"" الذي تبثه ""قناة ميدي1 تيفي"" يوم الأحد 29 من الشهر المنصرم- بإن 9000 محامي من أصل 15000 في المغرب غير مسجلين لدى إدارة الضرائب، مضيفا أنه لا يمكن أن تنفلت مهنة المحاماة من النظام العام.
لذا أسائلكم السيدة الوزيرة المحترمة،
 عن صحة ما جاء في تصريح السيد الوزير وعن الإجراءات ستتخذونها لتصحيح الوضع.",Naima El Fethaoui,08/11/2023,pas de réponse,تسجيل المحامين لدى إدارة الضرائب,الاقتصاد والمالية.
13724,"دق المركز المغربي للحماية من الابتزاز الإلكتروني في بلاغ، ناقوس الخطر بخصوص تنامي ظاهرة الدعارة الإلكترونية واستدراج النساء عبر تدوينات متعددة وتحت أسباب مختلفة.
وأكد أن هناك فتيات يبحثن عن نساء من أجل ممارسة الجنس الافتراضي، عبر كاميرا الهاتف مقابل مساعدتهن على تهجيرهن إلى دول الخليج. كما دعا النساء إلى توخي الحذر من مثل هذه التدوينات ومنشورات أخرى يكون موضوعها مغريا مثل ""أجي تخدم من دارك"" لكونها تدوينات مشبوهة تشتم فيها رائحة الدعارة الإلكترونية. 
وأوضح المركز أن وساطة الدعارة الإلكترونية يتصاعد مؤشرها مؤخرا لما تحققه النساء الوسيطات من أرباح جراء هذا العمل واستدراج النساء للعمل تحت يافطة العمل في محلات التدليك مقابل 7000 درهم شهريا دون احتساب العمولات.
فتح تحقيق في هذه التدوينات ومساءلة أصحابها عن غاياتهم الحقيقية ونواياهم.
لذا أسائلكم السيد الوزير المحترم،
 عن الإجراءات التي ستتخذونها لفتح تحقيق في هذه التدوينات ومساءلة أصحابها عن غاياتهم الحقيقية ونواياهم.",Naima El Fethaoui,08/11/2023,pas de réponse,ظاهرة الدعارة الإلكترونية,الداخلية.
13723,"عرف إقليم شفشاون جماعة بواحمد حادثا مأساويا تمثل في انفجار قوي باستعمال مادة حارقة لتكسير صخرة أثناء حفر بئر، نتج عنه وفاة شخصين والآخرين في حالة حرجة بالمستشفى الإقليمي بتطوان. 
إن عملية البحث عن الماء بهذه المنطقة التي تعرف وجود منابع مائية طبيعية مهمة، ووجود واد القنار الذي لا تنضب منابعه تجعلنا نسائلكم السيد الوزير المحترم،
 عن السبب الذي حرم سكان هذا الدوار من الماء وعرضهم للعطش ليلجأوا إلى حفر بئر بطرق عرضت حياتهم للخطر وجعلت عائلاتهم عرضة للتشرد والضياع.",Saloua Berdhi,08/11/2023,pas de réponse,الانفجار الذي أدى إلى مصرع أشخاص بإقليم شفشاون أثناء حفر بئر  بحثا عن الماء,التجهيز والماء.
13722,"لقد خلق تعثر أشغال بناء مركز الدكتوراه بالمدرسة الوطنية للعلوم التطبيقية بخريبكة استياء كبيرا في صفوف كل المعنيين بالتعليم الجامعي بالمنطقة، والذين يتساءلون باستغراب عن أسباب تعثر أشغال المركز منذ سنة 2018، وهو المركز الذي كان مأمولا منه تعزيز مستوى البحث العلمي والتقني بالمدرسة المذكورة، كما من شأنه الإسهام الفعال في الدور الأساسي للجامعة كقاطرة للتنمية.  
 وعليه، أسائلكم السيد الوزير المحترم،
ما هي الإجراءات التي ستقومون بها من أجل  إنجاز  مركز الدكتوراه المذكور؟",Touria Afif,08/11/2023,pas de réponse,مآل مركز الدكتوراه بالمدرسة الوطنية للعلوم التطبيقية بخريبكة,التعليم العالي والبحث العلمي والابتكار.
13721,"نثمن بكل موضوعية عملية الدعم المالي المباشر للأسر الفقيرة والمعوزة، عبر البرنامج  الطموح ""تيسير"" الذي تبنته مختلف الحكومات المتعاقبة، وذلك من أجل تجاوز الكلفة المباشرة وغير المباشرة لتمدرس التلاميذ والتلميذات والحد من ظاهرة الهدر المدرسي، خاصة في صفوف الفتيات.
 هذا البرنامج ساهم في الحد من آفة الهدر المدرسي من خلال مساعدة الأسر المعوزة بمبالغ مالية تختلف باختلاف المستوى التعليمي لأبنائها، وهو ما ساهم في تكريس إلزامية التمدرس بالنسبة للأطفال ما بين 6 سنوات و15 سنة. 
لذا أسائلكم السيد الوزير المحترم:
- ما هي الإجراءات والتدابير المتخذة توسيع قاعدة الاستفادة من البرنامج المومأ إليه ليشمل عددا أكبر من الأسر بإقليم آسا الزاك؟",Mahmoud Abba,08/11/2023,pas de réponse,توسيع قاعدة الاستفادة من برنامج تيسير ليشمل عددا أكبر من الأسر بإقليم آسا الزاك,التربية الوطنية والتعليم الأولي والرياضة.
13720,"حسب دراسة المرصد الوطني للمهارات، فإن نسبة إدماج خريجي المنظومة الوطنية للتكوين المهني في سوق الشغل تبلغ 67% .
بما أن التكوين المهني المنتج هو الذي تنتهي مخرجاته بالمتخرجين منه في سوق الشغل مباشرة نظرا لطبيعة هذا المكون.
وحيث أن تقييم نجاعة أداء التكوين المهني عملية يتعين القيام بها على مستوى الأقاليم التي تعاني من الهشاشة، لا سيما الأقاليم الجنوبية وأخص بالذكر إقليم آسا الزاك. 
وعليه، أسائلكم، السيد الوزير المحترم: 
- ما مدى تقييم مصالحكم لخريجي التكوين المهني بإقليم آسا الزاك؟ 
- وهل تتوفرون على معطيات ومؤشرات انخراطهم في سوق الشغل؟",Mahmoud Abba,08/11/2023,pas de réponse,مخرجات التكوين المهني بإقليم آسا الزاك,الإدماج الاقتصادي والمقاولة الصغرى والتشغيل والكفاءات.
13719,"ما يزال أعوان السلطة في مختلف أقاليم المملكة ينتظرون الإفراج عن مشروع النظام الأساسي بعد ردح من الزمن، وهو الملف الذي كان يحظى بأهمية لدى مصالحكم المركزية، لا سيما أنكم اعتبرتم غير ما مرة أن تسوية أوضاع هذه الفئة أولوية اجتماعية لا سيما الشق الاجتماعي منها.
هذه الفئة كانت تمني النفس منذ مشروع مالية سنة 2011 بإدراجهم ضمن النظام الأساسي للوظيفة العمومية، وهو الأمر الذي لم يتحقق، وظلت وضعية هذه الفئة تراوح مكانة الحيف والتهميش، وهم الذين يشكلون عيون السلطة في كل مكان.
أوضاع هذه الفئة باتت تحتاج إلى التفاتة لإعادة الاعتبار إليها وإلى دورها، خاصة وأنها تتقاضى أجورا زهيدة لا تتناسب ومهامها الجسيمة طيلة الأربع والعشرين ساعة بدون انقطاع.
لذا أسائلكم السيد الوزير المحترم، عن برامج وزارتكم الرامية إلى إنصاف أعوان السلطة، والإفراج عن النظام الأساسي الخاص بهم.",Mahmoud Abba,08/11/2023,pas de réponse,وضعية أعوان السلطة والحاجة إلى إخراج نظام أساسي خاص بهم,الداخلية.
13718,"لا يخفى عليكم أن متصرفي وزارة الداخلية من الدرجة الثانية السلم 11 لا يتجاوز مدخولهم الشهري 7500 درهم، في الوقت الذي يتمتع فيه نفس المتصرفين لدى وزارة الاقتصاد والمالية، أو لدى وزارة العدل من أجور تفوق تلك التي يتقاضاها متصرفو وزارة الداخلية، إضافة إلى تحفيزات مالية مهمة في إطار  ما هو متعارف عليه بنظام الشهر (13) مع الأخذ بعين الاعتبار كون هذه الفئة من الأطر العليا بوزارتكم. 
وعليه، أسائلكم السيد الوزير المحترم: 
- ما مدى عزم وزارتكم تسوية وضعية متصرفي وزارة الداخلية، لا سيما أنهم يعملون لساعات إضافية ولساعات متأخرة من الليل، وأحيانا أيام العطل وبدون أي تعويضات، زد على ذلك فترة الانتخابات والكوارث الطبيعة - الزلزال - الأخير مثلا ؟",Mahmoud Abba,08/11/2023,pas de réponse,وضعية متصرفي وزارة الداخلية,الداخلية.
13717,"في الوقت الذي تتوفر فيه العديد من مدن الـمملكة على محطات قطار تَجمع في الوقت نفسه بين جمالية الـمعمار الـمستوحى من عراقة فن العمارة الـمغربية، وبين تنوّع الـمرافق وتعددها، بما يسمح بانسيابية حركة السفر وتوفير راحة الـمسافرين؛ فإن محطة القطار بمدينة أصيلة تعدّ استثناءً في هذا الباب، حيث طالها التهميش، رغم أنها تعرف حركية كبيرة للمسافرين، خصوصا في فصل الصيف، حيث تشكل مدينة أصيلة وجهة للمصطافين، الأمر الذي يستدعي تأهيل هذه المحطة وتنويع مرافقها، خصوصا في ظل الدينامية التي يعرفها الـمغرب باحتضانه مستقبلا لفعاليات كأس إفريقيا، وفعاليات كأس العالم.
لذا؛ نسائلكم عن الإجراءات والتدابير التي تعتزمونَ اتخاذها من أجل التسريع بإعادة هيكلة وتأهيل محطة القطار بمدينة أصيلة؟",Koloub Fatih,07/11/2023,pas de réponse,إعادة هيكلة وتأهيل محطة القطار بـمدينة أصيلة,النقل واللوجيستيك.
13716,نسائلكم السيدة الوزيرة المحترمة، عن التدابير المتخذة لضمان تنفيذ برامج الدعم الاجتماعي والنفسي ومواكبة المتضررين من زلزال الحوز ؟,Rim Chabat,07/11/2023,pas de réponse,بشأن ضمان تنفيذ برامج الدعم الاجتماعي والنفسي و مواكبة المتضررين من زلزال الحوز,التضامن والإدماج الاجتماعي والأسرة.
13715,"السيد الوزيرالمحترم، تداولت وسائل الإعلام ومعها مواقع التواصل الاجتماعي مؤخرا اصابة 16 شخصا بالعمى نتيجة حقنهم بدواء بعدما قاموا بزيارة مستشفى 20 غشت التابع للمركز الاستشفائي الجامعي ابن رشد بالدار البيضاء لتلقي العلاجات، علما بأن المرضى المعنيين مصابون بداء السكري كما أنهم دأبوا على أخذ هذا النوع من الحقن الموضعية منذ سنوات، دون إصابتهم بأي مضاعفات من قبل، ليجدوا أنفسهم يعانون من أعراض شبيهة بفقدان البصر بعد فترة وجيزة من أخذهم لهذه الحقن الموضعية.
وعليه، نسائلكم السيد الوزيرالمحترم، عن الإجراءات المتخذة لفتح تحقيق في هذه الفضيحة الطبية الخطيرة التي أصيب فيها 16 مريضا بأعراض شبيهة بالعمى بمستشفى 20 غشت بالدارالبيضاء ومعرفة سبب المضاعفات التي تم تسجيلها في صفوفهم وتحديد المسؤوليات في هذا الشأن؟ وماهي التدابير المتخذة لمواكبة وإخضاع هؤلاء المصابين بأعراض شبيهة بالعمى لحصص من العلاج ؟",Rim Chabat,07/11/2023,pas de réponse,في شأن إصابة 16 شخصا بالعمى نتيجة حقنهم بدواء بمستشفى 20 غشت بالدار البيضاء,الصحة والحماية الاجتماعية.
13714,"السيد الوزير المحترم، تتوفر جهة فاس مكناس على إمكانيات مادية وبشرية تؤهلها لإنعاش القطاع الصناعي، نذكر من بينها على سبيل المثال ، وفرة الموارد البشرية المؤهلة إضافة إلى توافر المواد الأولية الفلاحية والغابوية والمعدنية وضعها الجغرافي مع توفرها على بنية تحتية أساسية هامة معدة للاستقبال، واعتبارا للمؤهلات الصناعية المتعددة التي تتمتع بها الجهة،
نسائلكم السيد الوزير المحترم، عن التدابير المتخذة لإنعاش القطاع الصناعي بمختلف العمالات والأقاليم التابعة لجهة فاس مكناس؟ وماهي الإجراءات المتخذة لدعم المشاريع الاستثمارية الصناعية بجهة فاس مكناس؟",Rim Chabat,07/11/2023,pas de réponse,بشأن تشجيع الاستثمار الصناعي بجهة فاس مكناس,الوزارة المنتدبة لدى رئيس الحكومة المكلفة بالاستثمار والتقائية وتقييم السياسات العمومية.
13713,"السيد الوزير المحترم، تزخر مدينة فاس بإمكانيات مادية وبشرية تؤهلها لإنعاش القطاع الصناعي، نذكر من بينها على سبيل المثال ، وفرة الموارد البشرية المؤهلة إضافة إلى توافر المواد الأولية الفلاحية والغابوية والمعدنية وضعها الجغرافي مع توفرها على بنية تحتية أساسية هامة معدة للاستقبال، واعتبارا للمؤهلات الصناعية المتعددة التي تتمتع بها مدينة فاس،
نسائلكم السيد الوزير المحترم، عن التدابير المتخذة لإنعاش القطاع الصناعي بفاس؟ وماهي الإجراءات المتخذة لدعم المشاريع الاستثمارية الصناعية بمدينة فاس؟",Rim Chabat,07/11/2023,pas de réponse,دعم وتشجيع الاستثمار في القطاع الصناعي بمدينة فاس,الوزارة المنتدبة لدى رئيس الحكومة المكلفة بالاستثمار والتقائية وتقييم السياسات العمومية.
13712,"السيد الوزير المحترم، تزخر مدينة فاس بإمكانيات مادية وبشرية تؤهلها لإنعاش القطاع الصناعي، نذكر من بينها على سبيل المثال ، وفرة الموارد البشرية المؤهلة إضافة إلى توافر المواد الأولية الفلاحية والغابوية والمعدنية وضعها الجغرافي مع توفرها على بنية تحتية أساسية هامة معدة للاستقبال، واعتبارا للمؤهلات الصناعية المتعددة التي تتمتع بها مدينة فاس،
نسائلكم السيد الوزير المحترم، عن التدابير المتخذة لإنعاش القطاع الصناعي بفاس؟ وماهي الإجراءات المتخذة لدعم المشاريع الاستثمارية الصناعية بمدينة فاس؟",Rim Chabat,07/11/2023,pas de réponse,دعم وتشجيع الاستثمار في القطاع الصناعي بمدينة فاس,الصناعة والتجارة.
13711,"السيد الوزير المحترم، تتوفر جهة فاس مكناس على إمكانيات مادية وبشرية تؤهلها لإنعاش القطاع الصناعي، نذكر من بينها على سبيل المثال ، وفرة الموارد البشرية المؤهلة إضافة إلى توافر المواد الأولية الفلاحية والغابوية والمعدنية وضعها الجغرافي مع توفرها على بنية تحتية أساسية هامة معدة للاستقبال، واعتبارا للمؤهلات الصناعية المتعددة التي تتمتع بها الجهة،
نسائلكم السيد الوزير المحترم، عن التدابير المتخذة لإنعاش القطاع الصناعي بمختلف العمالات والأقاليم التابعة لجهة فاس مكناس؟ وماهي الإجراءات المتخذة لدعم المشاريع الاستثمارية الصناعية بجهة فاس مكناس؟",Rim Chabat,07/11/2023,pas de réponse,تشجيع الاستثمار الصناعي بجهة فاس مكناس,الصناعة والتجارة.
13710,نسائلكن السيدة الوزيرة المحترمة، عن المشاريع المبرمجة من طرف الوزارة بإقليم مولاي يعقوب برسم السنة المالية 2023 والمتعلقة برقمنة الخدمات العمومية والارتقاء بجودتها وتيسير الولوج إليها وتعزيز فعالية الإدارة الرقمية للرفع من نجاعتها؟ وماهي البرامج والمشاريع التي تنوي الوزارة القيام بها خلال السنوات القادمة، لاسيما في ما يتعلق بتأهيل البنية التحتية الرقمية بهدف دعم وتسريع ورش الانتقال الرقمي بإقليم مولاي يعقوب؟,Rim Chabat,07/11/2023,pas de réponse,تأهيل البنية التحتية الرقمية بإقليم مولاي يعقوب,الوزارة المنتدبة لدى رئيس الحكومة المكلفة بالانتقال الرقمي وإصلاح الإدارة.
